{"cameraMode":{"drawMode":0,"name":"Shaded","section":"Shading Mode"},"sceneLighting":true,"audioPlay":false,"sceneViewState":{"showFog":true,"showMaterialUpdate":false,"showSkybox":true,"showFlares":true,"showImageEffects":true,"showParticleSystems":true},"in2DMode":false,"pivot":{"x":2.336782932281494,"y":0.3121369779109955,"z":0.4483303427696228},"rotation":{"x":-0.01593155413866043,"y":0.9839747548103333,"z":-0.1324564814567566,"w":-0.11834660917520523},"size":2.8219070434570314,"orthographic":false}